,City,Cloudiness,Country,Humidity,Latitude,Temperature (F),WindSpeed
0,Muros,75,ES,93,42.77,62.6,1.12
1,Mar del Plata,0,AR,99,-46.43,31.71,2.82
2,Yulara,0,AU,52,-25.24,41.0,4.7
3,Te Anau,64,NZ,84,-45.41,37.56,5.73
4,Cape Town,0,ZA,71,-33.93,50.0,4.7
5,Kiama,0,AU,82,-34.67,46.4,17.22
6,Qaanaaq,92,GL,98,77.48,34.41,4.72
7,Hithadhoo,92,MV,100,-0.6,76.44,5.73
8,Rikitea,100,PF,100,-23.12,66.54,6.4
9,Mataura,56,NZ,98,-46.19,35.94,3.6
10,Clyde River,90,CA,93,70.47,35.6,9.17
11,Jos,12,NG,93,9.92,69.06,4.72
12,New Norfolk,20,AU,75,-42.78,42.8,8.05
13,Mehamn,0,NO,81,71.03,49.68,4.7
14,Albany,75,US,38,42.65,89.42,5.82
15,Smolenka,68,PL,95,54.15,63.66,8.3
16,Barrow,68,AR,61,-38.31,49.35,7.4
17,Alta Floresta,88,BR,42,-9.87,89.13,1.59
18,Kapaa,75,US,78,22.08,80.6,12.75
19,Shadrinsk,0,RU,84,56.09,56.28,3.83
20,Muhos,0,FI,60,64.81,69.8,6.93
21,Provideniya,90,RU,100,64.42,44.6,6.71
22,Isla Mujeres,20,MX,66,21.23,87.8,10.29
23,Faanui,92,PF,100,-16.48,77.7,13.89
24,Ust-Uda,80,RU,84,54.17,62.31,2.59
25,Kruisfontein,0,ZA,100,-34.0,53.04,10.42
26,Bredasdorp,0,ZA,76,-34.53,53.6,6.93
27,Tuatapere,56,NZ,100,-46.13,48.0,10.87
28,Diego de Almagro,0,CL,71,-26.39,69.33,2.59
29,Hermanus,0,ZA,69,-34.42,45.03,6.85
30,Kailua,90,US,78,21.39,84.22,10.29
31,Bathsheba,75,BB,78,13.22,82.4,19.46
32,Hilo,90,US,78,19.71,76.46,6.93
33,Iqaluit,90,CA,100,63.75,41.0,17.22
34,Ushuaia,20,AR,69,-54.81,35.6,17.22
35,Hasaki,32,JP,100,35.73,77.07,2.24
36,Lavrentiya,92,RU,97,65.58,42.33,0.13
37,La Ronge,90,CA,87,55.1,53.6,18.34
38,Asaka,1,JP,78,35.82,79.23,4.7
39,Dikson,0,RU,100,73.51,40.26,10.54
40,Hobart,20,AU,75,-42.88,42.8,8.05
41,Broken Hill,24,AU,57,-31.97,43.95,14.23
42,Punta Arenas,0,CL,80,-53.16,35.6,12.75
43,Hazro,75,TR,51,38.25,79.65,4.7
44,Port Keats,0,AU,68,-14.25,63.21,10.54
45,Severo-Kurilsk,80,RU,92,50.68,50.88,6.29
46,Morristown,40,US,78,36.21,80.6,3.71
47,Saskylakh,32,RU,63,71.97,45.48,9.98
48,Muisne,88,EC,75,0.61,78.6,9.19
49,Hervey Bay,80,AU,100,-25.3,60.06,6.62
50,Pacific Grove,1,US,57,36.62,67.01,14.99
51,Doka,48,SD,86,13.52,72.03,10.2
52,Port Hardy,40,CA,82,50.7,59.0,5.82
53,Yakeshi,100,CN,88,49.28,62.85,3.6
54,Dubbo,32,AU,85,-32.25,23.0,5.82
55,Kuli,0,UA,82,49.94,64.4,4.47
56,Haines Junction,92,CA,77,60.75,45.48,2.82
57,Talnakh,0,RU,67,69.49,53.85,6.73
58,Upernavik,80,GL,98,72.79,37.47,11.99
59,Kungurtug,92,RU,100,50.6,51.24,2.59
60,Husavik,0,CA,56,50.56,74.46,23.06
61,Mahina,8,ML,72,13.76,83.1,10.2
62,Otane,0,NZ,86,-39.89,49.26,9.98
63,Mogwase,88,ZA,94,-25.28,49.08,4.72
64,Ilulissat,75,GL,75,69.22,46.4,5.82
65,Busselton,80,AU,100,-33.64,62.4,28.99
66,Torbay,90,CA,100,47.66,68.0,10.29
67,Khatanga,12,RU,65,71.98,50.16,13.0
68,Saint George,20,GR,53,39.45,73.4,1.25
69,Hirara,92,JP,98,24.8,82.2,21.27
70,Port Alfred,12,ZA,100,-33.59,55.2,8.41
71,Pirai do Sul,0,BR,54,-24.53,67.8,5.73
72,Geraldton,75,CA,65,49.72,77.0,13.87
73,Yellowknife,40,CA,81,62.45,53.6,8.05
74,Shelburne,1,CA,35,44.08,87.08,5.82
75,Sompeta,92,IN,97,18.93,75.09,6.17
76,Sechura,0,PE,79,-5.56,72.3,11.77
77,Hami,100,CN,42,42.84,77.07,2.15
78,Izumo,20,JP,83,35.37,77.0,4.7
79,Kodiak,1,US,52,39.95,89.6,5.39
80,Vila Franca do Campo,20,PT,88,37.72,68.0,10.29
81,Nabire,64,ID,96,-3.36,67.35,2.04
82,Daan,88,YE,46,17.0,80.49,1.92
83,Qinzhou,92,CN,99,21.96,75.36,7.63
84,Kaka,0,TM,38,37.35,72.66,5.28
85,Omsukchan,0,RU,74,62.53,56.37,3.6
86,Crowley,40,US,62,30.21,90.46,6.93
87,Lebu,68,ET,98,8.96,51.78,2.71
88,Manono,0,CD,35,-7.3,74.55,10.2
89,Jamestown,68,AU,94,-33.21,44.76,13.56
90,Broome,0,GB,56,52.47,72.52,8.05
91,Victoria,75,BN,94,5.28,77.76,1.12
92,San Rafael del Sur,75,NI,74,11.85,84.2,11.41
93,Aksu,0,KZ,77,52.04,66.2,8.95
94,Goundam,32,ML,61,16.42,84.81,13.78
95,Honiara,20,SB,100,-9.43,71.6,3.36
96,San Patricio,56,PY,49,-26.98,81.66,6.96
97,Fornosovo,0,RU,64,59.57,68.0,2.37
98,Iisalmi,0,FI,64,63.56,69.8,1.12
99,San Quintin,92,PH,94,17.54,72.3,2.26
100,Ngunguru,8,NZ,100,-35.62,58.53,18.81
101,Bethel,90,US,66,60.79,55.4,11.41
102,Hrodna,44,BY,97,53.68,63.03,9.19
103,Lompoc,90,US,77,34.64,71.08,11.41
104,Namibe,0,AO,100,-15.19,66.9,9.98
105,Turukhansk,0,RU,80,65.8,51.96,1.92
106,Norman Wells,75,CA,72,65.28,60.8,5.82
107,Port Elizabeth,1,US,61,39.31,81.09,5.82
108,Davila,100,PH,100,18.47,78.33,4.83
109,Singkang,75,MY,94,2.1,77.0,3.04
110,Pevek,88,RU,100,69.7,35.31,8.41
111,Myingyan,76,MM,90,21.46,76.62,11.32
112,Fairbanks,20,US,67,64.84,60.76,6.4
113,Tuktoyaktuk,40,CA,55,69.44,66.2,12.75
114,Hay River,75,CA,59,60.82,64.4,5.82
115,Kindu,68,CD,42,-2.95,81.57,2.71
116,Saint Anthony,1,US,28,43.97,84.85,9.17
117,Vaini,92,IN,97,15.34,70.41,10.76
118,Porto Murtinho,0,BR,47,-21.7,84.27,16.91
119,Udimskiy,0,RU,92,61.14,62.49,1.36
120,Sao Joao da Barra,0,BR,69,-21.64,77.0,18.34
121,Touros,20,BR,78,-5.2,78.96,17.25
122,Maragogi,8,BR,83,-9.01,73.83,7.96
123,Mingaora,92,PK,99,34.78,67.26,1.7
124,Butaritari,80,KI,100,3.07,79.14,5.28
125,Teguldet,0,RU,67,57.31,55.65,5.28
126,Kavieng,80,PG,100,-2.57,80.13,8.63
127,Sao Domingos,8,BR,34,-13.4,80.13,7.52
128,Berdigestyakh,92,RU,59,62.1,58.35,5.61
129,Santo Tomas,88,PH,100,15.88,72.93,3.38
130,Zarubino,56,RU,81,42.65,72.21,5.61
131,Okha,88,RU,83,53.59,54.48,14.0
132,Mecca,0,SA,24,21.43,95.0,2.59
133,Ancud,36,CL,95,-41.87,46.38,2.71
134,Westport,75,IE,93,53.8,55.4,5.82
135,Kwinana,90,AU,93,-32.25,57.81,6.93
136,Arraial do Cabo,0,BR,65,-22.97,77.83,9.17
137,Yeppoon,0,AU,93,-23.13,42.8,4.16
138,Lagoa,0,PT,82,37.14,68.0,13.87
139,Koundara,64,GN,80,12.49,82.83,9.64
140,East London,24,ZA,100,-33.02,59.07,6.85
141,Ambulu,32,ID,100,-8.35,69.42,4.16
142,Zaranj,0,AF,19,30.95,93.09,16.02
143,Tiksi,8,RU,75,71.64,41.79,2.15
144,Farsund,8,NO,100,58.09,57.9,3.38
145,Samarai,92,PG,100,-10.62,76.89,9.86
146,Tabas,68,IR,19,33.6,85.35,6.62
147,Axim,92,GH,98,4.87,77.43,11.77
148,Filadelfia,8,PY,40,-22.35,89.22,18.48
149,Henties Bay,56,NA,100,-22.12,56.91,2.93
150,Takoradi,92,GH,100,4.89,75.9,8.86
151,Codrington,0,AU,81,-28.95,34.5,5.06
152,Bluff,0,AU,74,-23.58,36.21,2.71
153,Ponta do Sol,0,BR,57,-20.63,69.78,2.71
154,Aldan,12,RU,96,58.61,54.93,3.27
155,Tasiilaq,12,GL,37,65.61,53.6,19.46
156,Prudentopolis,0,BR,55,-25.21,70.68,4.61
157,Kenai,90,US,71,60.55,56.28,5.82
158,Bambous Virieux,20,MU,88,-20.34,66.2,6.93
159,Port Hueneme,40,US,69,34.15,77.94,10.29
160,Mpika,24,ZM,54,-11.84,59.61,11.99
161,Columbus,75,US,52,32.46,89.44,3.36
162,Saint-Pierre,0,FR,64,48.95,70.79,6.93
163,Atuona,0,PF,100,-9.8,79.23,19.04
164,Lichinga,64,MZ,81,-13.3,58.26,6.4
165,Yerazgavors,40,AM,72,40.7,57.18,2.24
166,Semnan,0,IR,25,35.58,75.09,5.84
167,Abnub,0,EG,33,27.27,86.0,9.17
168,Kalabo,68,ZM,32,-15.0,68.7,12.55
169,Peniche,20,PT,82,39.36,67.24,8.05
170,Pisco,90,PE,88,-13.71,62.6,4.7
171,Dwarka,75,IN,89,28.58,86.0,8.05
172,Nata,75,CY,88,34.78,80.6,5.82
173,Luorong,8,CN,90,24.41,73.92,3.38
174,Darnah,0,LY,95,32.77,78.6,15.23
175,Komsomolskiy,8,RU,52,67.55,67.8,10.98
176,Prince Rupert,90,CA,82,54.32,60.8,4.7
177,Avarua,88,CK,100,-21.21,73.83,21.05
178,Chuy,92,UY,82,-33.69,53.85,14.34
179,Qandala,24,SO,53,11.47,84.9,7.18
180,Chingirlau,68,KZ,41,51.09,81.3,10.54
181,Gualaquiza,0,EC,79,-3.4,69.51,2.93
182,Cabo San Lucas,20,MX,49,22.89,89.6,9.17
183,Beringovskiy,0,RU,85,63.05,56.64,14.0
184,Reno,75,US,24,39.53,89.82,6.93
185,Mount Isa,0,AU,40,-20.73,37.4,3.38
186,Beberibe,0,BR,69,-4.18,80.6,9.17
187,Kangaatsiaq,80,GL,80,68.31,49.62,5.39
188,Leningradskiy,88,RU,94,69.38,34.5,19.82
189,Ribeira Grande,20,PT,68,38.52,71.6,6.93
190,Castro,64,CL,81,-42.48,47.1,3.15
191,Hammelburg,20,DE,80,50.12,63.66,2.59
192,Pangody,56,RU,59,65.85,65.73,10.42
193,Belaya Gora,76,RU,74,68.54,54.03,4.16
194,Grindavik,90,IS,100,63.84,51.08,8.05
195,Khandyga,92,RU,92,62.65,61.95,7.18
196,Elk Plain,1,US,33,47.04,86.36,3.36
197,Aklavik,40,CA,38,68.22,73.4,5.82
198,Vestmanna,75,FO,100,62.16,51.8,12.75
199,Elbistan,0,TR,55,38.2,59.88,9.75
200,Puerto Ayora,75,EC,61,-0.74,78.8,16.11
201,Pitimbu,40,BR,69,-7.47,78.8,13.87
202,Erzincan,40,TR,93,39.75,59.0,1.92
203,Poum,40,MK,60,41.28,69.8,6.93
204,Kalmunai,48,LK,95,7.42,75.18,6.62
205,Chokurdakh,44,RU,87,70.62,51.51,8.63
206,Cidreira,36,BR,89,-30.17,64.83,5.17
207,Atikokan,32,CA,46,48.76,78.33,10.54
208,Novikovo,0,UA,94,45.05,67.35,7.4
209,Palmer,75,AU,87,-34.85,53.6,16.11
210,Inuvik,40,CA,38,68.36,73.4,5.82
211,Porto Novo,0,BR,38,-23.68,73.4,5.82
212,Dingle,92,PH,96,11.0,75.63,8.97
213,Yumen,0,CN,39,40.29,63.66,7.63
214,Guerrero Negro,12,MX,47,27.97,84.09,11.43
215,Mamallapuram,40,IN,58,12.63,86.0,9.17
216,Thompson,90,CA,87,55.74,55.4,2.24
217,Trincomalee,80,LK,77,8.58,79.59,18.7
218,Cumberland,20,US,74,41.97,81.93,3.36
219,Kaberamaido,8,UG,90,1.76,67.8,7.4
220,Rio Gallegos,0,AR,69,-51.62,35.6,5.82
221,Bulgan,92,MN,99,48.81,57.18,3.04
222,Ambon,0,FR,56,47.55,73.4,5.82
223,Loandjili,75,CG,88,-4.77,73.4,8.05
224,Puerto Madryn,68,AR,97,-42.77,44.4,9.08
225,Klyuchi,48,RU,73,52.25,68.61,11.32
226,Sobolevo,76,RU,92,54.43,64.92,5.73
227,Arcata,1,US,68,40.87,65.19,14.99
228,Mahebourg,20,MU,88,-20.41,66.2,6.93
229,Rodrigues Alves,40,BR,52,-7.74,89.6,8.05
230,Parana,40,BR,52,-7.52,89.6,8.05
231,Toamasina,20,MG,93,-18.17,62.6,2.71
232,Semey,32,KZ,70,50.41,71.4,8.75
233,Klaksvik,75,FO,100,62.23,51.8,12.75
234,Simao,92,CN,99,22.76,65.46,1.92
235,Bandarbeyla,0,SO,82,9.49,78.96,30.11
236,Kaitangata,76,NZ,83,-46.28,48.0,14.45
237,Tevriz,0,RU,70,57.51,58.08,5.61
238,Leh,20,IN,87,34.16,29.91,1.48
239,Souillac,0,FR,50,45.6,74.88,4.7
240,Isangel,32,VU,100,-19.55,73.2,17.02
241,Akdepe,0,TM,34,42.05,80.85,4.7
242,Hamilton,75,BM,65,32.3,78.8,12.75
243,Zaysan,20,KZ,86,47.47,55.2,2.37
244,Port Lincoln,20,AU,98,-34.72,54.48,17.36
245,Kutum,100,SD,35,14.2,82.56,3.6
246,Zwedru,88,LR,96,6.07,71.76,9.98
247,Moussoro,64,TD,58,13.64,85.53,7.52
248,Xining,0,CN,91,36.62,42.96,2.26
249,Fort Nelson,75,CA,45,58.81,68.0,5.82
250,Gayny,12,RU,71,60.3,66.18,6.06
251,Luena,0,AO,56,-11.78,54.93,3.71
252,Mutoko,0,ZW,70,-17.4,57.18,7.96
253,Jalalabad,20,AF,55,34.43,87.8,3.36
254,Narsaq,24,GL,41,60.91,60.8,6.93
255,Jumla,92,NP,95,29.28,39.81,2.59
256,Lumeje,0,AO,37,-11.56,59.61,8.75
257,Port Blair,92,IN,100,11.67,81.3,24.63
258,Marsh Harbour,24,BS,100,26.54,84.54,7.07
259,Lorengau,88,PG,100,-2.02,80.76,6.4
260,Severo-Yeniseyskiy,0,RU,78,60.37,49.98,2.93
261,Nikolskoye,0,RU,64,59.7,68.0,2.59
262,Gudalur,92,IN,100,11.5,68.07,0.69
263,Cherskiy,12,RU,62,68.75,47.01,2.82
264,Beloha,12,MG,85,-25.17,63.3,10.42
265,Jiuquan,0,CN,65,39.73,53.67,2.93
266,Jackville,40,CI,88,5.21,77.0,5.82
267,Saint-Philippe,1,CA,42,45.36,86.92,4.7
268,Cascais,20,PT,82,38.7,68.25,8.05
269,Zhezkazgan,0,KZ,58,47.8,69.87,10.87
270,Dichiseni,88,RO,81,44.23,67.71,2.71
271,Berlevag,75,NO,100,70.86,49.51,2.24
272,Carnarvon,0,ZA,64,-30.97,30.81,8.41
273,Gonen,0,IL,90,33.12,64.65,2.04
274,Sao Filipe,8,CV,92,14.9,78.51,6.62
275,Paez,75,CO,48,2.93,87.8,5.82
276,Esfarayen,12,IR,36,37.08,71.58,4.16
277,Petauke,8,ZM,56,-14.25,63.48,16.91
278,Auki,56,NG,90,12.18,74.01,4.94
279,Atar,0,MR,12,20.52,101.46,12.33
280,Bowen,0,AU,93,-20.01,44.6,4.7
281,Kulti,92,IN,93,23.73,78.96,9.64
282,Buraydah,0,SA,20,26.33,93.2,6.93
283,Georgetown,20,GY,74,6.8,84.2,11.41
284,Kununurra,0,AU,81,-15.77,51.8,6.73
285,Tunceli,0,TR,53,39.11,66.0,3.36
286,Shahr-e Kord,12,IR,39,32.33,57.45,2.82
287,Russell,0,AR,31,-33.01,60.8,10.29
288,Vestmannaeyjar,0,IS,88,63.44,53.13,7.74
289,San Cristobal,75,EC,47,-0.39,59.0,18.34
290,Santa Cruz del Norte,20,CU,59,23.15,87.76,12.75
291,Deputatskiy,88,RU,72,69.3,49.53,3.94
292,Chambery,68,FR,77,45.57,66.63,10.29
293,Alekseyevka,0,RU,68,53.25,71.6,8.95
294,Bellefontaine,1,US,58,40.36,86.2,4.7
295,Lima,0,PE,56,-12.06,68.34,3.15
296,Trairi,12,BR,99,-3.28,80.31,17.13
297,Ixtapa,75,MX,79,20.71,86.0,8.05
298,Kajaani,0,FI,82,64.22,62.6,4.94
299,Brufut,75,GM,83,13.38,82.4,5.82
300,Tarko-Sale,88,RU,83,64.92,57.54,3.38
301,Goderich,8,CA,89,43.74,79.23,3.94
302,Maningrida,0,AU,86,-12.05,71.04,12.21
303,Rio Grande,0,BR,77,-32.03,64.4,9.17
304,Chernyshevskiy,76,RU,68,63.01,58.08,5.5
305,Todos Santos,20,MX,49,23.45,92.77,9.17
306,Zaozerne,88,UA,100,51.37,62.4,10.09
307,Dillon,1,US,37,45.22,82.4,5.82
308,Caravelas,80,BR,100,-17.73,74.73,11.77
309,Basco,20,US,66,40.33,85.3,5.82
310,Salta,0,AR,35,-24.79,76.51,12.75
311,Sawakin,0,SD,63,19.1,84.9,3.71
312,Chabahar,0,IR,100,25.29,84.99,2.15
313,Vangaindrano,12,MG,92,-23.35,54.39,2.04
314,Chester,0,GB,72,53.19,68.02,5.82
315,Williamsburg,1,US,55,37.27,88.25,6.93
316,Sehithwa,48,BW,43,-20.47,62.22,14.45
317,Nantucket,75,US,94,41.28,74.53,5.82
318,Ormara,36,PK,94,25.21,82.83,13.44
319,Vardo,5,US,58,39.62,79.59,5.82
320,Ossora,0,RU,95,59.24,54.03,2.15
321,Gidam,92,IN,99,18.98,70.68,6.4
322,Padang,20,ID,100,-0.92,81.75,8.19
323,Malinyi,76,TZ,53,-8.94,73.56,4.61
324,Eyl,24,SO,68,7.98,82.29,23.85
325,Bannu,88,PK,97,32.99,80.58,1.7
326,Labuhan,20,ID,95,-2.54,70.05,2.37
327,Luderitz,44,NA,59,-26.65,66.99,17.47
328,Huarmey,0,PE,56,-10.07,70.41,4.05
329,Hualmay,0,PE,68,-11.1,68.43,5.61
330,Neftekumsk,100,RU,85,44.75,71.04,12.66
331,Esperance,20,TT,74,10.24,86.0,17.22
332,Sinnamary,48,GF,97,5.38,81.03,10.2
333,Sosua,40,DO,70,19.77,90.61,13.87
334,Hobyo,12,SO,74,5.35,76.71,22.5
335,Longyearbyen,75,NO,81,78.22,44.6,4.7
336,Pedro Juan Caballero,0,PY,37,-22.55,84.2,8.05
337,Collie,88,AU,91,-33.36,55.56,20.04
338,Fortuna Foothills,1,US,29,32.66,98.6,14.99
339,Omboue,80,GA,100,-1.57,74.55,14.23
340,Arlit,36,NE,22,18.74,85.71,2.37
341,Matara,0,PE,45,-13.74,54.12,2.37
342,Bubaque,20,GW,78,11.28,82.4,6.93
343,Bonthe,92,SL,100,7.53,74.55,4.94
344,Montrose,90,AU,70,-37.81,45.34,19.46
345,Alpena,1,US,58,45.06,83.62,9.17
346,Krasnyy Klyuch,44,RU,71,55.39,68.52,8.08
347,Juarez,0,AR,40,-38.95,57.2,5.82
348,Kautokeino,12,NO,81,69.01,56.46,4.72
349,Zhigansk,0,RU,55,66.77,54.57,11.54
350,Dunedin,80,NZ,93,-45.87,45.93,13.67
351,Harbour Breton,92,CA,91,47.48,57.09,6.73
352,Dhangadhi,0,NP,91,28.7,76.71,2.93
353,Margate,20,AU,75,-43.03,42.8,8.05
354,Katsuura,40,JP,94,33.93,78.8,4.7
355,Gunjur,75,GM,83,13.18,82.4,5.82
356,Iralaya,90,HN,74,15.0,84.2,9.17
357,Barmer,76,IN,86,25.74,79.05,5.73
358,Maniitsoq,48,GL,97,65.42,52.77,3.49
359,Plastun,88,RU,98,44.76,60.51,2.15
360,Moerai,24,PF,100,-22.43,71.31,17.13
361,Mount Gambier,92,AU,93,-37.83,49.44,7.96
362,Bumba,24,CD,92,2.18,73.2,3.04
363,Phan Thiet,80,VN,99,10.93,78.78,16.02
364,Baykit,0,RU,70,61.68,48.0,6.4
365,Santander,88,PH,98,9.42,81.75,15.23
366,Cap Malheureux,20,MU,88,-19.98,66.2,6.93
367,Katangli,92,RU,94,51.71,48.81,10.87
368,Karratha,0,AU,63,-20.74,47.37,4.83
369,Sorong,100,ID,100,-0.86,78.96,14.23
370,Pasni,92,PK,98,25.26,83.73,7.18
371,Jimeta,76,NG,97,9.28,70.95,3.71
372,Tual,80,ID,100,-5.67,76.98,10.65
373,North Bend,1,US,72,43.41,64.17,13.87
374,Florianopolis,0,BR,73,-27.6,71.6,5.82
375,Riohacha,75,CO,37,11.54,96.8,20.8
376,Qazvin,92,IR,21,36.28,80.31,5.28
377,Vilhena,0,BR,40,-12.74,87.8,8.05
378,Alto Araguaia,12,BR,28,-17.32,84.09,8.08
379,Chapais,90,CA,39,49.78,82.4,10.29
380,Torrington,90,US,100,42.06,65.32,4.7
381,Alofi,92,NU,88,-19.06,77.0,6.93
382,Jaciara,68,BR,31,-15.95,84.9,4.61
383,Sambava,24,MG,100,-14.27,72.48,19.04
384,Saint Andrews,80,NZ,100,-44.53,36.93,4.16
385,Sorland,75,NO,87,67.67,55.4,8.05
386,Krasnyy Chikoy,92,RU,96,50.36,57.36,1.92
387,Hovd,0,NO,68,63.83,64.27,6.93
388,Shelopugino,88,RU,91,51.65,57.09,2.37
389,Sur,12,OM,78,22.57,90.66,10.09
390,Lerwick,56,GB,77,60.15,59.9,8.05
391,Shenjiamen,48,CN,93,29.96,79.95,11.77
392,Ati,8,TD,56,13.21,81.75,4.61
393,Airai,32,TL,86,-8.93,60.42,1.7
394,Lere,56,TD,90,9.66,73.11,9.19
395,San Marcos,40,GT,55,14.97,91.4,6.93
396,Gold Coast,0,AU,66,-28.0,55.4,4.7
397,Boa Vista,40,BR,62,2.82,86.0,11.41
398,Vermilion,20,CA,43,53.35,69.8,16.11
399,Ambilobe,88,MG,86,-13.19,69.24,3.49
400,Vredendal,24,ZA,37,-31.68,52.5,8.41
401,Pailon,20,BO,45,-17.66,86.88,26.4
402,Itaituba,20,BR,66,-4.26,86.0,3.38
403,Burns Lake,12,CA,43,54.23,69.51,6.06
404,Khorixas,92,NA,24,-20.37,69.15,6.96
405,Whitehorse,90,CA,81,60.72,50.0,10.29
406,Tevaitoa,92,PF,100,-16.78,76.71,14.23
407,Riyadh,20,SA,14,24.63,96.8,6.93
408,Abdulino,44,RU,52,53.68,76.89,10.42
409,Chicama,90,PE,82,-7.84,66.2,9.17
410,Tiznit,0,MA,81,29.7,68.7,3.15
411,Cervo,0,BR,33,-22.19,77.0,4.7
412,San Jeronimo,0,PE,45,-13.65,54.12,2.37
413,Bacabal,68,BR,59,-4.23,85.08,5.39
414,Beisfjord,75,NO,93,68.38,55.4,10.29
415,Santa Rosa,20,AR,46,-36.62,52.95,3.27
416,Dongsheng,0,CN,78,29.72,79.86,4.16
417,Gemena,92,CD,95,3.25,71.13,2.04
418,Gat,92,SN,72,14.69,82.47,11.99
419,Mitsamiouli,20,KM,60,-11.38,75.2,3.36
420,Teya,40,MX,44,21.05,93.2,11.41
421,Serowe,20,BW,73,-22.4,53.31,19.37
422,Saldanha,68,PT,63,41.42,66.9,9.98
423,Namatanai,76,PG,100,-3.66,80.4,8.52
424,Iquique,0,CL,67,-20.22,62.6,8.05
425,Coihaique,75,CL,84,-45.58,34.3,5.82
426,Sarakhs,0,TM,22,36.54,86.61,8.63
427,Araouane,80,ML,19,18.9,100.2,8.08
428,Moratuwa,40,LK,88,6.77,78.8,8.05
429,Poronaysk,92,RU,100,49.22,50.79,11.54
430,Challapata,0,BO,59,-18.9,40.44,5.17
431,Brownsville,90,US,56,25.91,93.67,20.8
432,Saurimo,0,AO,67,-9.66,60.24,2.59
433,Tocopilla,12,CL,89,-22.09,63.84,2.71
434,Tabou,92,CI,100,4.42,75.81,14.0
435,Ilhabela,0,BR,88,-23.78,74.01,8.19
436,Penzance,20,GB,82,50.12,65.35,8.05
437,Fortuna,0,ES,61,38.18,77.77,14.99
438,Aqtobe,0,KZ,50,50.28,75.2,8.95
439,Salamiyah,0,SY,59,35.01,71.76,9.64
440,Banda Aceh,80,ID,80,5.56,79.86,6.62
441,Lewistown,75,US,66,40.39,84.16,7.96
442,Khrebtovaya,48,RU,73,56.71,57.54,4.72
443,Illapel,76,CL,98,-31.63,53.4,4.16
444,Wana,92,PK,95,32.31,67.71,1.92
445,Presidente Epitacio,0,BR,36,-21.76,84.9,9.19
446,Vigrestad,0,NO,93,58.57,59.0,1.92
447,Warmbad,32,DE,49,50.67,65.93,4.7
448,Noumea,90,NC,93,-22.28,60.8,2.24
449,Tenerife,12,CO,100,9.9,81.57,6.17
450,Lao Cai,92,VN,99,22.48,66.99,1.7
451,Yenagoa,76,NG,98,4.92,73.83,4.94
452,Taoudenni,0,ML,10,22.68,90.12,7.74
453,Inongo,36,CD,71,-1.93,77.61,2.37
454,Jiwani,36,PK,96,25.05,83.01,5.5
455,Pangnirtung,90,CA,76,66.15,51.8,6.93
456,Moron,48,VE,88,10.49,74.46,3.15
457,Salalah,90,OM,88,17.01,78.8,5.82
458,Biak,92,ID,100,-0.91,73.11,4.38
459,Lahad Datu,80,MY,98,5.02,76.35,3.83
460,Yaan,80,NG,93,7.38,73.65,8.75
461,Tezu,68,IN,86,27.93,70.77,1.59
462,Cockburn Town,0,TC,97,21.46,82.65,21.05
463,Beaverlodge,75,CA,36,55.21,77.0,11.41
464,Mutis,88,CO,100,6.23,77.88,9.86
465,Kuching,75,MY,94,1.56,77.0,6.96
466,Ahipara,80,NZ,100,-35.17,55.74,13.22
467,Nioro,48,GM,55,13.79,88.86,15.46
468,Kahului,90,US,78,20.89,83.16,9.17
469,Male,36,UA,89,50.74,65.55,4.38
470,Mansoa,20,GW,78,12.07,82.4,6.93
471,Praya,90,ID,94,-8.71,71.6,9.75
472,Wenling,92,CN,100,28.38,77.97,4.72
473,Sisimiut,36,GL,67,66.94,59.34,2.15
474,Owerri,64,NG,98,5.49,72.48,3.94
475,Sept-Iles,90,CA,82,50.2,62.6,6.93
476,Sayat,0,TM,22,38.78,89.6,11.41
477,Sao Felix do Xingu,24,BR,64,-6.64,82.11,2.15
478,Egvekinot,44,RU,83,66.32,52.05,2.82
479,Vanimo,76,PG,100,-2.67,82.74,8.97
480,Soyo,0,AO,89,-6.13,70.05,5.95
481,Valle de Angeles,20,HN,61,14.16,81.07,9.17
482,Chodavaram,100,IN,98,17.44,73.38,9.19
483,Zhengjiatun,92,CN,97,43.51,74.55,10.2
484,Iaciara,24,BR,40,-14.1,81.3,5.39
485,Celestun,0,MX,94,20.87,84.9,17.02
486,Westlock,0,CA,74,54.15,74.19,4.5
487,Praia da Vitoria,40,PT,68,38.73,71.6,11.32
488,Qinhuangdao,88,CN,99,39.94,74.1,2.71
489,Northam,20,GB,64,51.04,66.81,3.36
490,Igarka,56,RU,59,67.47,61.41,4.72
491,Yar-Sale,8,RU,78,66.83,55.47,2.59
492,Kieta,92,PG,100,-6.22,74.82,5.84
493,America Dourada,0,BR,48,-11.46,70.95,10.76
494,Constitucion,75,MX,31,23.99,78.8,8.05
495,Mackay,40,CA,38,53.65,73.4,3.38
496,Ola,90,RU,100,59.58,46.4,3.71
497,Quibdo,75,CO,74,5.69,86.0,8.05
498,Marawi,76,PH,100,8.0,67.89,2.37
499,Esil,56,KZ,68,51.96,67.08,11.32
500,Nome,40,US,49,30.04,92.75,6.93
501,Evensk,92,RU,100,61.92,49.26,4.72
502,Ostrovnoy,56,RU,55,68.05,68.43,5.95
503,Coquimbo,0,CL,77,-29.95,59.0,10.29
504,Ornskoldsvik,24,SE,40,63.29,71.6,6.93
505,Martapura,0,ID,94,-3.41,73.4,2.24
506,Vermillion,75,US,78,42.78,82.15,24.16
507,Wanaka,80,NZ,84,-44.7,25.95,2.04
508,Kysyl-Syr,88,RU,52,63.9,55.83,7.85
509,Lazaro Cardenas,75,MX,27,28.39,91.4,4.72
510,Ruwi,24,OM,72,23.6,89.22,4.16
511,Norden,0,DE,72,53.59,63.46,8.05
512,Odesa,75,LT,93,54.5,66.2,6.93
513,Hambantota,20,LK,100,6.12,78.69,16.02
514,Clinton,40,US,70,41.84,82.99,5.82
515,Los Llanos de Aridane,0,ES,68,28.66,71.6,16.11
516,Barcelona,20,ES,88,41.38,78.8,10.29
517,Cayenne,20,GF,70,4.94,84.2,11.41
518,Khandbari,48,NP,64,27.38,45.93,1.92
519,Lithgow,0,AU,92,-33.48,26.6,4.83
520,Beira,75,ES,93,43.2,63.45,1.12
521,Sitka,44,US,77,37.17,84.18,9.98
522,Katima Mulilo,8,NA,39,-17.5,62.22,8.75
523,Le Port,0,FR,49,42.87,58.71,0.58
524,Iberia,0,PE,44,-11.41,88.86,3.04
525,Bratsk,32,RU,81,56.15,50.0,8.95
526,Olenino,64,RU,77,56.21,68.7,8.86
527,Karpogory,92,RU,98,64.0,62.22,1.92
528,La Joya,20,MX,48,19.61,76.62,2.93
529,Gallup,1,US,53,35.53,79.48,9.17
530,Burnie,88,AU,100,-41.05,53.49,21.05
531,San Policarpo,92,PH,100,12.18,77.43,17.25
532,Jaszkarajeno,0,HU,60,47.05,68.86,4.7
533,Zenzeli,88,RU,66,45.92,76.71,3.94
534,Ibra,0,OM,40,22.69,88.5,5.17
535,Marienburg,0,DE,63,52.12,66.6,1.12
536,Barra do Corda,0,BR,47,-5.5,84.18,5.95
537,Polunochnoye,8,RU,84,60.87,58.98,3.49
538,Kulhudhuffushi,88,MV,100,6.62,79.5,18.14
539,Loa Janan,92,ID,83,-0.58,77.79,3.15
540,Ucluelet,5,CA,72,48.94,68.0,5.82
541,Snezhnogorsk,40,RU,87,69.19,59.0,2.24
542,Ponte de Sor,68,PT,74,39.25,67.98,8.52
543,Sinyavino,0,RU,64,59.91,68.0,2.26
544,Alyangula,8,AU,100,-13.85,71.85,9.53
545,Inhambane,88,MZ,93,-23.87,67.53,21.27
546,Chuguyevka,64,RU,98,44.17,68.43,2.82
